{
  "project_info": {
    "project_number": "1002947909080",
    "firebase_url": "https://listmaker-95d9a-default-rtdb.europe-west1.firebasedatabase.app",
    "project_id": "listmaker-95d9a",
    "storage_bucket": "listmaker-95d9a.appspot.com"
  },
  "client": [
    {
      "client_info": {
        "mobilesdk_app_id": "1:1002947909080:android:b5d00b512957df9b910ead",
        "android_client_info": {
          "package_name": "com.over3.listmaker"
        }
      },
      "oauth_client": [
        {
          "client_id": "1002947909080-9ri6k81napdt5oqlu890efsuqpmg5bgh.apps.googleusercontent.com",
          "client_type": 1,
          "android_info": {
            "package_name": "com.over3.listmaker",
            "certificate_hash": "21b0fe7fd01d32803a992b8947b489df6858aaf9"
          }
        },
        {
          "client_id": "1002947909080-50mdrb9sjbdn8cktojp3nm48hmf1d6tl.apps.googleusercontent.com",
          "client_type": 3
        }
      ],
      "api_key": [
        {
          "current_key": "AIzaSyDMymbt2Dpsh98guKv9SkeSy6f-TA8EVuU"
        }
      ],
      "services": {
        "appinvite_service": {
          "other_platform_oauth_client": [
            {
              "client_id": "1002947909080-50mdrb9sjbdn8cktojp3nm48hmf1d6tl.apps.googleusercontent.com",
              "client_type": 3
            }
          ]
        }
      }
    }
  ],
  "configuration_version": "1"
}